user_id,game_id,game_name
1,12606,Resident Evil 7 / Biohazard 7 Teaser: Beginning Hour
1,9800,Streets of Rogue
1,959817,Wuthering Waves
1,665016,Blade of Darkness
1,23043,Revenant
2,23043,Revenant
2,442840,Space Station 14
2,359376,Gravitas
3,16543,LEGO Batman
3,665016,Blade of Darkness
3,479634,Frog Fractions: Game of the Decade Edition
3,37194,Devil May Cry 3: Dante's Awakening Special Edition
4,9753,Rising Storm 2: VIETNAM
5,359376,Gravitas
6,436825,Swallow the Sea
6,28222,skate.
6,994787,Awaria
7,959817,Wuthering Waves
7,23043,Revenant
7,973793,100 Asian Cats
7,9551,Deep Rock Galactic
8,427567,Bear Party: Adventure
8,39448,Tag: The Power of Paint
9,1071,Job Simulator
9,484223,Perfect Vermin
10,973793,100 Asian Cats
10,216268,Enderal: Forgotten Stories
10,427567,Bear Party: Adventure
10,440114,1v1.LOL
10,16543,LEGO Batman
11,23043,Revenant
11,44484,BattleBit
11,9800,Streets of Rogue
12,9753,Rising Storm 2: VIETNAM
12,994787,Awaria
12,10234,Jazzpunk
12,359376,Gravitas
13,16543,LEGO Batman
13,479634,Frog Fractions: Game of the Decade Edition
14,442840,Space Station 14
15,994787,Awaria
15,960527,Nocturnal
16,19374,Ghost Master
16,440114,1v1.LOL
16,427567,Bear Party: Adventure
17,216268,Enderal: Forgotten Stories
17,74080,Age of War
17,9800,Streets of Rogue
17,9551,Deep Rock Galactic
17,1071,Job Simulator
18,10942,To The Top
19,12606,Resident Evil 7 / Biohazard 7 Teaser: Beginning Hour
19,23043,Revenant
19,479634,Frog Fractions: Game of the Decade Edition
19,973793,100 Asian Cats
19,34334,Antarctic Adventure
20,39448,Tag: The Power of Paint
20,44484,BattleBit
20,9515,We Were Here
20,960527,Nocturnal
21,1071,Job Simulator
21,12606,Resident Evil 7 / Biohazard 7 Teaser: Beginning Hour
21,10942,To The Top
21,966102,Aimlabs
21,484223,Perfect Vermin
22,748414,Aperture Desk Job
22,959817,Wuthering Waves
22,16543,LEGO Batman
22,10234,Jazzpunk
23,436825,Swallow the Sea
23,290899,Into the Radius VR
23,9800,Streets of Rogue
24,9515,We Were Here
24,31721,The Immortal
24,10397,Rivals of Aether
25,359376,Gravitas
25,966102,Aimlabs
25,973793,100 Asian Cats
26,74080,Age of War
26,586122,Suspects: Mystery Mansion
26,440114,1v1.LOL
27,9551,Deep Rock Galactic
28,9800,Streets of Rogue
28,973086,100 Christmas Cats
29,994787,Awaria
29,10942,To The Top
29,665016,Blade of Darkness
29,74080,Age of War
29,9515,We Were Here
30,9551,Deep Rock Galactic
30,436825,Swallow the Sea
31,216268,Enderal: Forgotten Stories
31,9753,Rising Storm 2: VIETNAM
31,10397,Rivals of Aether
32,74080,Age of War
32,436825,Swallow the Sea
32,16543,LEGO Batman
32,359376,Gravitas
32,748414,Aperture Desk Job
33,44484,BattleBit
33,290899,Into the Radius VR
33,359376,Gravitas
34,1071,Job Simulator
34,16739,Delta Force
34,442840,Space Station 14
35,37194,Devil May Cry 3: Dante's Awakening Special Edition
35,586122,Suspects: Mystery Mansion
35,10234,Jazzpunk
35,34334,Antarctic Adventure
36,34334,Antarctic Adventure
37,12606,Resident Evil 7 / Biohazard 7 Teaser: Beginning Hour
37,586122,Suspects: Mystery Mansion
38,966102,Aimlabs
39,440114,1v1.LOL
39,39448,Tag: The Power of Paint
39,31721,The Immortal
39,479634,Frog Fractions: Game of the Decade Edition
40,748414,Aperture Desk Job
40,436825,Swallow the Sea
41,973086,100 Christmas Cats
41,10397,Rivals of Aether
42,19374,Ghost Master
42,16543,LEGO Batman
42,12606,Resident Evil 7 / Biohazard 7 Teaser: Beginning Hour
43,1071,Job Simulator
43,9800,Streets of Rogue
43,19374,Ghost Master
43,973793,100 Asian Cats
43,9551,Deep Rock Galactic
44,479634,Frog Fractions: Game of the Decade Edition
44,39448,Tag: The Power of Paint
44,966102,Aimlabs
44,37194,Devil May Cry 3: Dante's Awakening Special Edition
45,427567,Bear Party: Adventure
45,16739,Delta Force
45,37194,Devil May Cry 3: Dante's Awakening Special Edition
45,484223,Perfect Vermin
46,10234,Jazzpunk
46,31721,The Immortal
46,9551,Deep Rock Galactic
47,479634,Frog Fractions: Game of the Decade Edition
47,427567,Bear Party: Adventure
47,440114,1v1.LOL
47,665016,Blade of Darkness
48,9515,We Were Here
49,973086,100 Christmas Cats
50,39448,Tag: The Power of Paint
51,9515,We Were Here
52,19374,Ghost Master
52,290899,Into the Radius VR
52,959817,Wuthering Waves
52,74080,Age of War
53,665016,Blade of Darkness
53,586122,Suspects: Mystery Mansion
53,31721,The Immortal
53,290899,Into the Radius VR
54,973793,100 Asian Cats
54,9800,Streets of Rogue
54,16739,Delta Force
55,484223,Perfect Vermin
55,12895,Surge
55,216268,Enderal: Forgotten Stories
55,9551,Deep Rock Galactic
56,442840,Space Station 14
56,748414,Aperture Desk Job
56,23254,Zumbi Blocks
57,994787,Awaria
58,216268,Enderal: Forgotten Stories
58,436825,Swallow the Sea
58,37194,Devil May Cry 3: Dante's Awakening Special Edition
58,359376,Gravitas
59,484223,Perfect Vermin
59,436825,Swallow the Sea
60,479634,Frog Fractions: Game of the Decade Edition
60,12895,Surge
61,586122,Suspects: Mystery Mansion
61,19374,Ghost Master
61,216268,Enderal: Forgotten Stories
61,34334,Antarctic Adventure
61,748414,Aperture Desk Job
62,9551,Deep Rock Galactic
62,12895,Surge
63,28222,skate.
63,12895,Surge
63,9515,We Were Here
63,290899,Into the Radius VR
64,479634,Frog Fractions: Game of the Decade Edition
65,19374,Ghost Master
65,290899,Into the Radius VR
65,74080,Age of War
65,665016,Blade of Darkness
66,37194,Devil May Cry 3: Dante's Awakening Special Edition
66,9515,We Were Here
66,74080,Age of War
66,9800,Streets of Rogue
67,442840,Space Station 14
67,16739,Delta Force
67,440114,1v1.LOL
67,748414,Aperture Desk Job
68,442840,Space Station 14
68,436825,Swallow the Sea
69,973793,100 Asian Cats
69,23043,Revenant
69,442840,Space Station 14
69,16739,Delta Force
70,973086,100 Christmas Cats
70,440114,1v1.LOL
71,479634,Frog Fractions: Game of the Decade Edition
71,16543,LEGO Batman
71,34334,Antarctic Adventure
72,9800,Streets of Rogue
73,748414,Aperture Desk Job
73,427567,Bear Party: Adventure
73,28222,skate.
73,960527,Nocturnal
74,37194,Devil May Cry 3: Dante's Awakening Special Edition
75,290899,Into the Radius VR
75,10234,Jazzpunk
76,12606,Resident Evil 7 / Biohazard 7 Teaser: Beginning Hour
77,12606,Resident Evil 7 / Biohazard 7 Teaser: Beginning Hour
77,9753,Rising Storm 2: VIETNAM
77,748414,Aperture Desk Job
77,960527,Nocturnal
78,973793,100 Asian Cats
79,966102,Aimlabs
79,31721,The Immortal
79,748414,Aperture Desk Job
79,290899,Into the Radius VR
79,479634,Frog Fractions: Game of the Decade Edition
80,19374,Ghost Master
81,442840,Space Station 14
81,216268,Enderal: Forgotten Stories
82,484223,Perfect Vermin
82,994787,Awaria
83,31721,The Immortal
83,10234,Jazzpunk
83,23043,Revenant
83,39448,Tag: The Power of Paint
84,9551,Deep Rock Galactic
84,436825,Swallow the Sea
84,10397,Rivals of Aether
85,34334,Antarctic Adventure
85,16543,LEGO Batman
85,442840,Space Station 14
86,10397,Rivals of Aether
86,973793,100 Asian Cats
87,39448,Tag: The Power of Paint
88,23254,Zumbi Blocks
89,440114,1v1.LOL
90,31721,The Immortal
90,44484,BattleBit
90,9753,Rising Storm 2: VIETNAM
90,959817,Wuthering Waves
90,9800,Streets of Rogue
91,359376,Gravitas
91,479634,Frog Fractions: Game of the Decade Edition
91,1071,Job Simulator
91,16543,LEGO Batman
92,1071,Job Simulator
92,216268,Enderal: Forgotten Stories
93,37194,Devil May Cry 3: Dante's Awakening Special Edition
94,973086,100 Christmas Cats
94,16543,LEGO Batman
94,1071,Job Simulator
95,44484,BattleBit
95,440114,1v1.LOL
96,10234,Jazzpunk
97,34334,Antarctic Adventure
97,10942,To The Top
97,12606,Resident Evil 7 / Biohazard 7 Teaser: Beginning Hour
97,23043,Revenant
98,9515,We Were Here
98,74080,Age of War
98,959817,Wuthering Waves
98,479634,Frog Fractions: Game of the Decade Edition
98,290899,Into the Radius VR
99,959817,Wuthering Waves
99,960527,Nocturnal
99,973086,100 Christmas Cats
100,973086,100 Christmas Cats
